Time Asleep,Position, 
4.4464, 0,
6.1895, 0,
8.17349, 0,
9.74317, 0,
12.45435, 0,
14.135312, 1,
15.123513, 1,
16.134534, 1,
20.123432, 1,
22.2351352, 1,
23.245345, 1,
25.2643523, 1,
27.6353423, 1,
29.920384, 2,
32.9453, 2,
43.3245, 2,
46.13541324, 2,
56.45018, 3,
57.83888, 3,
59.844059, 3,
60.8607, 3,
63.69646, 3,